1	action detection video
2	image relighting images
3	multi-hop question answering text
4	image captioning images text
5	natural language object retrieval images paragraph-level
6	language modeling
7	question answering text
8	image/video editing
9	face landmark localization images
10	face alignment images
11	facial landmark localization images
12	language model pretraining text
13	natural language inference text
14	multiple-choice reading comprehension text paragraph-level
15	retinal blood vessel segmentation images
16	fundus image quality classification images
17	semantic reconstruction indoor scenes images
18	extreme low-resolution activity recognition images
19	action recognition videos
20	adversarial robustness image classification
21	3d semantic labeling images dense depth maps outdoor street scenes
22	nlu text
23	3d shape generation
24	visual question answering images natural language
25	tracking image sequences
26	machine reading comprehension text paragraph-level
27	object classification images
28	video frame inpainting
29	action recognition video
30	long-form question answering text paragraph-level
31	face detection image
32	adversarial defense images
33	deep learning images text
34	visual tracking video
35	semantic segmentation images top-view grid map sequences autonomous driving
36	3d object recognition voxels pixels
37	landmark-region-based facial detection images
38	neural architecture search
39	multi-attribute face recognition images
40	panoptic segmentation images
41	human pose estimation images
42	facial expression recognition images
43	gan images
44	image inpainting
45	image recognition images
46	image classification images
47	abstract quantification video
48	function word comprehension
49	person re-identification images
50	instance level video object segmentation
51	face recognition images
52	general human action recognition video
53	image 3d shape translation images shapes
54	video object segmentation
55	face attribute estimation image
56	neural architecture optimization images
57	unsupervised domain adaptation person re-identification images
58	open set recognition video
59	domain adaptation semantic segmentation images gta synthia cityscapes bdds
60	multi-label classification images
61	video action recognition
62	moving object detection images
63	human activity representation videos paragraph-level
64	multilingual nli text
65	hand-object manipulations rgb images
66	3d data processing
67	adversarial attacks human pose estimation images
68	image classification
69	image-text matching images sentences
70	visual navigation images events
71	trojan detection images
72	age gender classification image
73	scene flow estimation video
74	rgb-d object detection images depth maps
75	instance retrieval images
76	graph classification graphs
77	universal image embedding images
78	natural language inference
79	interactive instance segmentation images
80	object recognition images
81	anomaly detection text
82	video description
83	person re-identification wild video
84	unsupervised representation learning images
85	semantic segmentation image
86	human gait recognition images
87	fashion landmark detection images
88	domain adaptation images paragraph-level
89	fact completion text
90	action recognition prediction video
91	generic object tracking image
92	object detection panoramic images
93	weakly supervised instrument-playing action localization video
94	cross-lingual retrieval text
95	3d facial reconstruction single-image
96	visual tracking image
97	real-time semantic segmentation images
98	3d point cloud segmentation
99	semi-supervised learning images text
100	semantic segmentation images
101	simultaneous localization mapping images
102	video interpretation
103	image-to-image translation images
104	multi-person 3d pose estimation images
105	neural architecture search image classification
106	natural language understanding text
107	cross-modal zero-shot hashing image text
108	multiple object video segmentation
109	pedestrian attribute recognition video
110	cross-domain image-to-image translation images
111	stereo disparity estimation images
112	convnet classification text
113	image synthesis images
114	adaptive deep compression
115	saliency prediction images
116	head pose estimation image
117	video classification
118	object detection images
119	visual commonsense reasoning video text
120	semantic matching natural language
121	visual question answering images text
122	commonsense reasoning text
123	few-shot image classification images
124	biometric recognition image, video, audio
125	motion representation learning images top-view grid map sequences autonomous driving
126	visual exploration video
127	video captioning
128	machine reading comprehension text sentence-level paragraph-level
129	face image privacy images
130	unsupervised visual representation learning images paragraph-level
131	sentence classification text
132	face detection images
133	salient object detection image
134	adaptive inference images
135	image classification text mixed data set web
136	generative adversarial networks
137	optic disk detection fundus images
138	visual object detection images videos
139	untrimmed video classification
140	image captioning images
141	action recognition detection video
142	visual grounding text image
143	language learning text
144	sentence representation text
145	lesion detection medical images
146	vehicle detection images
147	dnn training text
148	human action recognition video
149	semantic edge detection images
150	image-text matching images captions paragraph-level
151	scene text vqa image
152	stereo matching images
153	fer images
154	metric learning image text
155	activity recognition video
156	3d shape retrieval multiple views
157	image classification noisy labels images
158	unsupervised sentence representation learning text
159	rgb-d salient object detection images
160	generative modeling images
161	image generation images
162	robust supervised learning text
163	facial soft-biometric classification images
164	3d facial model registration images
165	actor-action semantic segmentation video
166	network compression images
167	text generation
168	future video prediction
169	music genre classification audio
170	image restoration natural images
171	object segmentation tracking video
172	facial expression recognition images lab-controlled real-world
173	3d face reconstruction images video
174	multiple object tracking video
175	classification images
176	human detection highly crowded scenes images
177	user ranking social networks text
178	visual object tracking images
179	semantic labelling instance segmentation images text
180	image segmentation
181	scene-aware dialog audio, video, history
182	sentence similarity retrieval text
183	sentiment analysis
184	person re-identification image
185	image inpainting images
186	retinal vessel segmentation images
187	2d human pose estimation images
188	optic disc detection fundus images
189	3d face reconstruction images
190	multi-attribute classification images birds
191	salient motion segmentation video
192	few-shot learning images
193	sentence representation learning text
194	question answering text paragraph-level
195	blind image deblurring
196	semantic parsing natural language
197	crowd counting density estimation images
198	super-resolution image
199	human pose estimation video
200	set learning image
201	audio-to-video synchronisation
202	link prediction text
203	fill-in-the-blank multiple choice question answering images paragraph-level
204	graph-walking text
205	relation detection text
206	class-imbalanced learning images
207	lip-reading images
208	bounding box estimation video
209	dynamic saliency prediction videos
210	face attribute classification image
211	sts text
212	bag-of-words feature embedding
213	remote sensing representation learning
214	person re-identification still images
215	machine comprehension text paragraph-level
216	facial behavior analysis images
217	image registration images
218	machine reading comprehension text
219	recognizing textual entailment
220	knowledge graph learning text
221	link prediction network
222	salient object segmentation images
223	keypoint detection images
224	language modelling audio
225	interactive navigation
226	motion deblurring images
227	eye tracking images
228	image generation
229	3d face alignment images
230	image classification images paragraph-level
231	link prediction kg
232	human pose estimation images paragraph-level
233	texture recognition images
234	face deblurring images
235	image question answering images
236	articulated pose estimation images
237	open-domain question answering text
238	machine learning service image text
239	image dehazing
240	optic disc localization images
241	har videos paragraph-level
242	temporal activity detection video
243	insect detection images
244	object detection image
245	feature tracking video
246	cross-dataset adaptation visual question answering images questions paragraph-level
247	action representation learning images
248	skip-thought text paragraph-level
249	audio-visual speech recognition video
250	image captioning
251	non-projective dependency parsing text
252	fine-grained image classification images
253	video corpus moment retrieval
254	instance search images
255	network architecture search video
256	sentence matching text
257	multiple non-overlapping cameras video
258	deformable image alignment images
259	salient object detection images
260	face alignment 3d reconstruction images
261	pedestrian detection image
262	compressive learning images videos
263	image search images
264	3d shape reconstruction images
265	geometry estimation single image
266	super-resolution single image
267	person de-occlusion images
268	image modeling synthesis images
269	emotion embedding images
270	semantic equivalence assessment text
271	image retrieval images
272	lexical-level evaluation
273	visual tracking image sequences
274	vehicle re-identification images
275	reading comprehension text
276	head pose estimation images
277	rgb-d object/scene recognition depth images
278	node classification graph
279	dynamic convolution images
280	speech enhancement audio video
281	pedestrian detection images
282	text classification
283	semantic segmentation rgb image
284	scene text detection images
285	iris recognition images
286	reading comprehension
287	image representation learning images
288	audio classification
289	pixel-wise semantic segmentation video
290	road damage detection images
291	machine comprehension using commonsense knowledge text
292	actionness estimation video
293	object detection video
294	pedestrian attribute recognition images
295	subspace clustering
296	actor-action semantic segmentation images
297	action recognition images videos paragraph-level
298	concurrent activity recognition video
299	image-text reference resolution
300	video generation videos
301	budget-balanced mechanism design
302	age synthesis images
303	video classification images
304	action classification video
305	semantic scene segmentation video
306	captioning images paragraph-level
307	neural architecture search images
308	adversarial robustness evaluation
309	visual question answering images, text video paragraph-level
310	facial landmark detection images
311	depth-from-single-image images
312	image description generation images
313	visual relationship reasoning video
314	semantic segmentation images videos
315	real-time object detection video
316	expression analysis video
317	object alignment video
318	machine vision images video
319	image anomaly detection images
320	scene flow estimation images top-view grid map sequences autonomous driving
321	named entity recognition text
322	3d reconstruction point clouds
323	age-invariant face recognition images
324	automated retinal analysis images
325	semantic tagging text
326	facial analysis images
327	pose estimation video
328	generalized zero-shot learning images
329	adversarial example generation images
330	sentence retrieval text
331	classification images top-view grid map sequences autonomous driving
332	neural network compression image text
333	facial expression recognition images speech
334	class-distinct class-mutual image generation images
335	facial attribute generation images
336	semantic segmentation image top-down map sequences autonomous driving
337	action object category recognition video
338	visual question answering images text paragraph-level
339	person re-identification video
340	facial landmark detection image
341	semantic segmentation weak supervision images
342	future action forecasting rgb video
343	landmark detection images
344	answer selection text
345	glue benchmark text
346	long-tailed recognition
347	identity alignment images
348	adversarial robustness image
349	unsupervised domain adaptation images
350	sentence modeling
351	saliency detection images
352	person re-identification video image
353	multimodal image retrieval images text
354	3d object detection images
355	image-to-image translation images text
356	content-based event retrieval unconstrained web videos
357	head human detection images
358	linguistic feature probing text
359	knowledge graph completion text
360	stereo depth estimation images
361	cross-domain few-shot learning images
362	image segmentation images
363	imagenet classification images
364	face generation text
365	keypoint localization video
366	cooperative 3d object detection point clouds
367	visual artifact analysis images
368	multiclass calibration image classification
369	machine comprehension text
370	deep learning image text
371	activity recognition videos
372	monocular depth estimation video
373	planning
374	out-of-distribution detection text
375	open-domain qa text 100 words
376	classification images text
377	action sequence modeling video
378	learning-from-motion images optical flow fields
379	transfer learning classification text
380	object detection image paragraph-level
381	3d shape classification grayscale images
382	photorealistic image manipulation rgb images
383	black-box attack images
384	person reidentification images
385	3d image synthesis images
386	domain adaptation semantic image segmentation images
387	multi-hop question answering text paragraph-level
388	image provenance analysis images
389	pre-training language representation text
390	object detection omnidirectional images
391	nli qa text
392	graph kernel
393	knowledge graph embedding
394	node embedding graphs
395	3d human pose estimation single image images
396	retinal image analysis images ophthalmology
397	low-rank representation learning images
398	3d human recovery single images
399	multi-person pose estimation images 3d point clouds
400	deformable face tracking video
401	scene depth 3d vehicle pose estimation panoramic imagery images
402	stereo matching image pairs
403	3d room geometry object pose estimation 360-degree panorama image
404	tracking video
405	multi-person pose estimation images
406	generation images
407	interactive object segmentation images
408	adversarial defense point clouds
409	image classification images imagenet
410	visual object tracking video
411	semantic segmentation video
412	facial pose estimation images
413	visual relationship detection images
414	self-localization
415	extractive qa text
416	language modeling text paragraph-level
417	language modeling text
418	scene generation images top-down maps autonomous driving paragraph-level
419	single-view 3d reconstruction images
420	open domain question answering text
421	sentence pair scoring text
422	commonsense probing text
423	nli text
424	online video recognition paragraph-level
425	human re-identification images
426	adaptive inference
427	pedestrian behaviour prediction images
428	surface normal estimation images faces
429	object tracking video
430	biomedical question answering text
431	visual relation detection images
432	face reconstruction monocular video single image
433	machine reading text paragraph-level
434	multimodal machine translation audio images
435	distributed training deep neural networks stochastic gradients
436	post-hoc explanation image classifier images
437	nlp text
438	face alignment image
439	distance estimation image
440	action sequence classification video
441	3d scene graph construction meshes panoramic images
442	multiple-choice question answering text
443	sentence rewriting text
444	neural plasticity images text
445	instance segmentation images
446	person re-identification images paragraph-level
447	automated pain detection videos
448	multi-hop textual question answering
449	retinal blood vessel segmentation fundus images
450	instance segmentation video
451	face aging images
452	language model compression text
453	cross-dataset unseen action recognition video
454	network wiring video
455	relative pose estimation novel view synthesis images
456	retrieval images
457	blind image restoration
458	automatic recognition facial action units temporal models video
459	zero-shot learning images
460	knowledge-base completion text
461	concept induction
462	image enhancement images
463	human pose retrieval
464	anytime image classification images
465	stixel-based scene representation
466	sentence embeddings text
467	data augmentation images
468	hand pose estimation data gloves vision
469	obstacle detection tracking stereo depth rgb
470	interactive question answering images
471	unsupervised video object segmentation
472	dense depth estimation images autonomous driving
473	incremental learning images
474	video super-resolution
475	natural language processing text
476	deep neural network compression
477	3d object detection reconstruction video
478	image caption generation images paragraph-level
479	visual question answering image text
480	image denoising images
481	action classification videos
482	person re-id image
483	face alignment images unconstrained
484	machine reading question answering text paragraph-level
485	domain adaptation point-clouds
486	object detection instance segmentation images
487	person recognition images social media paragraph-level
488	image binarization images
489	visual tracking images
490	content-based image retrieval images
491	semantic urban driving scene segmentation rgb images
492	one-shot video object segmentation videos
493	node embedding knowledge graph recommender system
494	cross-domain object detection images
495	image stylization images
496	emotion recognition video image
497	one-class learning images
498	vehicle re-identification video
499	3d point matching cloud
500	cross-lingual natural language inference text
501	sentence-level answer-selection text
502	pedestrian detection images videos
503	remote sensing scene classification images 3d point clouds
504	few-shot action-recognition video clips
505	robustness image
506	information extraction
507	person re-id images
508	cross-resolution person re-identification images
509	multi-object tracking point cloud
510	pedestrian detection images videos autonomous driving
511	language grounding text images
512	person image synthesis images
513	facial shape reconstruction images
514	image synthesis
515	drusen segmentation retinal images
516	visual net surgery images text
517	multi-modal video question answering subtitles
518	relative pose estimation images
519	unsupervised online video object segmentation
520	transfer learning images video
521	depth prediction images
522	camera calibration images
523	circulant cnns images video
524	vision-based object classification camera
525	object detection semantic segmentation images
526	object instance segmentation images
527	knowledge base completion text
528	object contour detection images
529	face recognition images natively unconstrained low-resolution large scale
530	spatiotemporal action detection videos
531	face alignment
532	vessel enhancement images
533	domain adaptation images
534	multi-object tracking video
535	cnn
536	instance segmentation videos
537	6d object detection rgb
538	object detection segmentation images
539	object discovery images
540	viewpoint estimation images
541	text editing
542	optical flow estimation images
543	image-to-image translation text
544	automatic image annotation images
545	weakly supervised object detection images
546	interpretable representation learning images
547	facial alignment 2d image
548	scene parsing images
549	bounding box regression images
550	monocular depth estimation images
551	movie recommendation rating matrix
552	compression artifacts reduction images
553	image caption generation
554	object tracking image sequences
555	cross-modal retrieval text images
556	vehicle detection remote sensing imagery
557	image description images
558	self-supervised feature learning images
559	3d human body reconstruction images
560	question generation text paragraph-level
561	multispectral person detection images
562	realistic scene text image synthesis images
563	image captioning images paragraph-level
564	multilingual probing text
565	unsupervised context-based sentence representation learning
566	semantic instance segmentation images
567	speech emotion recognition audio
568	video question answering videos subtitles paragraph-level
569	image inpanting
570	numerical reasoning text
571	multilingual text classification
572	clothed human digitization images
573	object proposal image
574	face age progression images
575	neural architecture search images text
576	semantic segmentation images lidar point clouds autonomous driving
577	operational calibration image
578	synthetic data generation images
579	3d mesh reconstruction rgb image
580	semantic scene analysis point clouds
581	facial reconstruction face recognition images
582	grammatical error correction text
583	channel pruning images
584	image annotation retrieval images
585	caption generation images
586	sound source localization video audio
587	motion prediction images
588	contrastive learning images paragraph-level
589	data selection images video
590	vqa vqg image
591	object detection images top-view grid map sequences autonomous driving
592	model compression
593	mathematical expression parsing expressions
594	retinal vessel segmentation fundus images
595	adversarial robustness images
596	scale-arbitrary image super-resolution images
597	3d human pose estimation video
598	pose estimation fine-grained objects image
599	visual content understanding images text news articles
600	semantic segmentation images autonomous driving
601	face clustering video
602	video pose estimation
603	continual object detection image
604	representation learning images
605	text-image matching
606	conditional image generation images
607	text-to-face synthesis images
608	emotionally-aware chatbot text
609	t-sne-cuda images, text
610	unsupervised landmark discovery images
611	trajectory prediction images top-down maps autonomous driving
612	person recognition images social media
613	domain generalization images
614	document question answering text paragraph-level
615	free-hand sketch-based image retrieval images
616	sentence selection text
617	correspondence classification images
618	out-of-distribution detection images
619	scene text image synthesis images
620	machine reading scale text paragraph-level
621	object detection rgb depth images autonomous driving paragraph-level
622	natural language sentence matching
623	object proposal generation images
624	vision-and-language reasoning images sentences
625	action understanding
626	post-hoc calibration images text
627	video audio classification
628	unsupervised domain adaptation rgb-d images
629	reading comprehension open-domain
630	activity detection video
631	face detection facial landmark localization video
632	chart question answering images text
633	panoptic-level image-to-image translation images
634	data-free network pruning
635	semantic video analysis rgb optical flow
636	3d shape retrieval images
637	embodied question answering
638	probing text
639	action recognition video audio
640	3d human pose shape estimation color image
641	backdoor attack text
642	cold-start recommendation text
643	point cloud object retrieval classification
644	object tracking videos
645	explainable recommendation systems ratings
646	moving object detection video lidar autonomous driving
647	video redaction
648	activity understanding video
649	disentangled representation learning
650	unsupervised learning video
651	depth estimation images
652	unsupervised landmark learning video
653	video completion
654	natural language inference text paragraph-level
655	visual localization
656	pun generation text
657	computer vision image text
658	retinal vasculature segmentation fundus images
659	computer vision images
660	information extraction text
661	visual correspondence video
662	2d 3d human pose estimation images
663	privacy-aware action detection video
664	domain adaptation image
665	vehicle detection images autonomous driving
666	document question answering text
667	visual commonsense reasoning images text
668	robustness adversarial attacks images
669	vessel segmentation retinal images paragraph-level
670	answer sentence selection text paragraph-level
671	multimodal deep generative modeling images text
672	question generation wikipedia articles paragraph-level
673	training deep neural network
674	person re-identification rgb
675	goal-directed attention control images
676	open-ended visual question answering images text paragraph-level
677	model search network structure learning image classification
678	person reid images
679	question answering web-based content
680	sentiment analysis text sentence-level
681	facial expression recognition images videos
682	human behavior understanding video
683	embodied question answering first-person images
684	large-scale training
685	semantic image segmentation images
686	adversarial attack defense image
687	language representation learning text
688	future frame prediction video
689	unsupervised scene adaptation images
690	caption generation
691	multi-person pose estimation tracking video
692	3d point cloud analysis
693	facial landmark localisation video
694	facial behavior analysis understanding video
695	gesture recognition video
696	artistic object recognition images, paintings, sketches, cartoons
697	instruction understanding text
698	detection red lesions images paragraph-level
699	metric learning images
700	semantic segmentation image video
701	retinal image segmentation images
702	visual recognition images
703	human activity recognition video
704	open-world vqa image text
705	facial au detection images
706	model compression video
707	vision & language images
708	face manifold learning
709	merging clusters images
710	text classification question answering sentence-level paragraph-level
711	point set feature learning clouds
712	entailment
713	image caption images
714	network representation learning structure
715	scene classification images
716	semantic parsing text
717	object detection top-view grid maps sequences autonomous driving
718	zero-shot learning video
719	3d pose estimation rgb image
720	attribute prediction image
721	commonsense knowledge base text
722	gan distribution evaluation images
723	image-text retrieval
724	image correction images
725	zero-shot learning text
726	nearest neighbor search
727	3d shape prediction single image
728	personality trait prediction videos
729	binary neural network images
730	feature learning point clouds
731	landmark localization images
732	dodecadialogue text
733	face image synthesis
734	person re-identification images videos
735	3d object classification point cloud
736	fake sentence detection text
737	human image generation
738	emotion recognition image
739	person search images
740	facial action units recognition images
741	lane-following simulation
742	domain flow generation images
743	sentence understanding
744	2d human pose estimation video
745	human pose estimation image
746	long range vehicle detection images
747	robotic telepresence platform
748	facial expression analysis images
749	object tracking images
750	action evaluation video
751	food recognition images
752	volumetric classification point cloud
753	optical flow estimation images autonomous driving
754	blood vessel detection measurement images
755	face identification image
756	bert text
757	point cloud semantic segmentation
758	cross-view image synthesis images
759	knowledge-driven nlp tasks text
760	object detection images text
761	depth optical flow prediction images autonomous driving
762	retina vessel segmentation fundus images
763	3d human body recovery images part segmentation paragraph-level
764	multi-view face detection images
765	graph node embedding
766	multi-emotion sentiment classification text
767	visual intelligence video
768	action recognition images top-view grid map sequences autonomous driving
769	question answering freebase text
770	visual question answering text image paragraph-level
771	1 bit deep neural networks
772	unsupervised representation learning speech, images, text 3d environments
773	image captioning visual question answering images text
774	unsupervised learning images
775	video object grounding
776	future frame prediction images paragraph-level
777	frame synthesis event camera
778	transfer learning images
779	spatiotemporal action localization video
780	video description audio
781	answer selection
782	collective classification vertices graphs
783	image clustering images
784	body part parsing images
785	natural image matting images
786	unsupervised visual tracking images
787	semantic alignment object landmark detection images
788	image synthesis given pose images
789	novel view synthesis images
790	language understanding text
791	action recognition rgb image optical flow
792	video recognition compressed
793	face registration video
794	multi-instance video object segmentation
795	attack classifier object detector images
796	object counting aerial images
797	super-resolution images
798	question generation
799	transfer learning image paragraph-level
800	audio-visual correspondence images
801	semantic segmentation images video
802	few-shot classification images
803	dense tracking video
804	adversarial attack cnn image
805	age estimation single face image images
806	acoustic system audio
807	pre-trained model selection images
808	self-supervised feature learning images audio
809	unsupervised video object segmentation paragraph-level
810	face aging synthesis images
811	pose estimation images
812	image categorization images
813	self-supervised visual tracking video
814	lipreading video
815	recommending relevant pictures text reviews image
816	object instance segmentation image
817	embedder evaluation text
818	adversarial attacks
819	hypernym prediction text
820	retina vessel segmentation retinal images
821	action recognition images
822	temporal action detection video
823	object detection images autonomous driving
824	unsupervised learning image
825	3d model retrieval images
826	sentiment analysis text
827	semantic relatedness
828	3d human shape pose estimation image
829	multi-task learning disjoint datasets text video
830	landmark/pose estimation single monocular images
831	clustering images
832	scientific domain transfer learning text
833	network binarisation images
834	blood vessel segmentation color retinal images
835	person re-identification image paragraph-level
836	fine-grained visual classification image
837	age estimation images
838	multi-task learning text
839	anomaly detection video
840	object detection tracking video
841	3d human pose shape estimation images video
842	curiosity-driven question generation text
843	motion recognition kinect
844	image classification images sentence-level
845	person re-identification video egocentric videos
846	blood vessel tracking diameter estimation images
847	stereo matching images paragraph-level
848	multi-agent trajectory forecasting images
849	facial expressions recognition images
850	action recognition rgb optical flow images
851	personalized face aging
852	saliency prediction video
853	text-based question answering
854	temporal embedding learning video
855	generic object detection video
856	model comparison
857	depth estimation images paragraph-level
858	object detection images video
859	density estimation natural images
860	facial keypoint detection
861	action localization video
862	machine reading scale text
863	textual description short video clips
864	edge detection images
865	zero-shot action recognition images
866	semi-supervised video object segmentation
867	facial landmark localization images videos
868	image classification images cifar-10, cifar-100, imagenet
869	graph-to-tree conversion data
870	facial expression recognition video
871	semi-supervised image classification
872	action recognition localization video paragraph-level
873	dynamic facial action unit detection video
874	image classification cosegmentation images
875	neural architecture search text
876	image outlier detection
877	novel object captioning images
878	novel generic vision tasks images
879	instance-level segmentation images
880	knowledge graph link prediction
881	image captioning images sentences
882	self-supervised learning facial attributes videos
883	facial affect synthesis 2d image
884	spatio-temporal action localization video
885	semantic segmentation domain adaptation images
886	novel class discovery images
887	factoid question answering knowledge base text
888	vehicle detection video
889	deep metric learning
890	nlp transfer learning text
891	text-to-clip retrieval videos
892	point cloud registration
893	conversational machine comprehension text
894	tensor completion
895	pose-guided person image generation images
896	medical image segmentation
897	semantic segmentation point clouds lidar
898	imparting privacy face images
899	action (interaction) localization prediction video
900	learning sets symmetric elements images, graphs, point-clouds
901	instructional video analysis videos
902	group-wise image alignment images
903	hyperparameter tuning tabular data
904	textual distractors generation vqa images paragraph-level
905	visual understanding images autonomous driving
906	one-shot activity recognition video
907	reference resolution images paragraph-level
908	image-text matching images captions
909	constrained filter pruning images
910	network representation learning
911	video generation text
912	image sentence matching images sentences
913	image retrieval paragraph-level
914	mislabelling detection images text
915	active learning images
916	automated driving
917	human pose estimation still images
918	video semantic salient instance segmentation
919	point cloud classification semantic segmentation
920	zero-shot recognition images
921	node classification graphs
922	semantic correspondence images
923	multiview recognition images
924	multi-purpose image
925	blood vessel delineation images
926	object segmentation video
927	supervised image classification images
928	heart rate measurement video
929	multiclass label proportions learning image
930	3d deformable object category estimation images
931	video recognition videos
932	object layout control images paragraph-level
933	image synthesis target pose images
934	visual question answering images questions
935	natural language processing
936	auto-regressive generation sequences images
937	tracking-by-detection video
938	retinal vessels segmentation images
939	knowledge graph completion real-valued tensor
940	image synthesis images pose
941	single-view reconstruction
942	retinal blood vessel extraction images
943	retinal vessel lung segmentation images
944	v-reid image
945	generative adversarial network images
946	few-shot text classification
947	image-text matching
948	human attribute analysis images
949	controllable image synthesis images
950	deep feature learning images
951	multi-person 3d human pose estimation images
952	document retrieval natural language
953	human pose estimation rgb images
954	learning shape articulation canonical surface mapping images
955	face reconstruction image
956	unsupervised clustering image
957	long-range activity recognition video
958	semantic- instance-segmentation images
959	3d facial landmark localization images
960	newborn face recognition images
961	zero-shot learning visual recognition images
962	object recognition equirectangular images
963	semantically multi-modal image synthesis images
964	multi-hop qa text
965	autoencoder images
966	zero-shot action recognition videos
967	motion recognition rgb-d data
968	information retrieval text
969	few-shot semantic segmentation images paragraph-level
970	classification images documents
971	interactive object segmentation images paragraph-level
972	scene annotation image
973	compression deep neural networks images
974	object discovery video
975	adversarial analysis 3d networks data autonomous driving
976	adversarial 3d meshes
977	fast video retrieval
978	supervised learning images
979	black-box adversarial attack video
980	image-caption retrieval images captions
981	image reconstruction
982	controllable face aging images
983	asr audio video
984	video question answering text
985	higher dimensional feature extraction 3d
986	facial aging rejuvenation images
987	3d shape learning single images
988	aam fitting images
989	long-tailed classification images
990	rating prediction
991	semantic segmentation images depth
992	online video object segmentation weak supervision
993	video frame interpolation
994	logical entailment natural language inference text
995	joint face detection pose estimation image
996	semantic segmentation mri scans lumbar spine
997	cross-modal retrieval text
998	moving object detection video autonomous driving
999	audio-visual association speech images
1000	machine translation text
1001	blood vessel segmentation images
1002	6-dof pose estimation video
1003	v2l images sentences
1004	person re-id video
1005	latent feature extraction video
1006	person attributes recognition images
1007	personalized saliency prediction images
1008	commonsense question answering
1009	multitask conditional language generation text
1010	aerial cinematography video
1011	certified defense adversarial examples images
1012	instructional video summarization
1013	multi-choice machine reading comprehension text
1014	knowledge graph embedding text
1015	object state discovery manipulation action localization videos
1016	video-based action recognition
1017	few-shot semantic edge detection images
1018	point cloud classification segmentation
1019	object annotation video
1020	link prediction
1021	3d shape classification voxelized
1022	3d multi-object understanding images
1023	face detection alignment images
1024	panoramic depth estimation images
1025	semantic tracking video
1026	videoqa text
1027	pedestrian detection video
1028	multi-person human pose estimation tracking video
1029	network pruning images
1030	articulated human pose estimation images
1031	2d/3d keypoint localization image classification images
1032	hoi detection images
1033	domain adaptive semantic segmentation video
1034	federated learning images
1035	edge detection medical images
1036	3d object detection point clouds autonomous driving
1037	object tracking images paragraph-level
1038	point cloud processing 3d clouds
1039	action recognition videos paragraph-level
1040	disparity estimation stereo images
1041	sentence modeling text paragraph-level
1042	sentence similarity text
1043	semantic reasoning video
1044	age invariant face recognition images
1045	sentence embedding text
1046	mpe inference video
1047	vessel segmentation retinal fundus images
1048	fine-grained recognition
1049	image detection images
1050	knowledge expansion images
1051	regression images
1052	domain adaptation video
1053	moment localization video
1054	network embedding
1055	semantic boundary prediction images
1056	face presentation attack detection rgb, depth, nir
1057	photo-realistic image synthesis 3d shape
1058	depth estimation rgb images
1059	open-set action recognition video
1060	visual action recognition video
1061	depth estimation video
1062	clinical diagnosis images
1063	video summarization
1064	computational composition assistance images
1065	knowledge distillation image classification
1066	graph semi-supervised learning graphs
1067	word spotting handwritten printed documents
1068	multi-dimensional data classification
1069	human parsing image
1070	fake news detection text
1071	semantic parsing text paragraph-level
1072	age progression images
1073	retinal vasculature segmentation image
1074	emotion classification video
1075	paraphrase detection subtitles
1076	shape segmentation classification 2d data
1077	textual entailment
1078	image recognition
1079	interactive segmentation images point cloud
1080	open set recognition
1081	face image analysis
1082	blood vessel detection retinal images
1083	action proposal generation videos
1084	image processing images
1085	inverse problem solution images
1086	active observation acquisition
1087	text summarization
1088	cross-domain image captioning images text
1089	animation-ready 3d reconstruction rgb images
1090	multi-target embodied question answering video
1091	sentence captioning images videos
1092	pose-aware shape reconstruction image
1093	rte text
1094	visual grounding images text
1095	object proposal video
1096	joint object detection viewpoint estimation images
1097	material recognition image
1098	human shape estimation images
1099	point cloud auto-encoder
1100	face emotion recognition images
1101	point cloud matching
1102	foreground object segmentation images
1103	language model pre-training
1104	retinal vessel segmentation fundus image
1105	unsupervised clustering
1106	visual emotion regression images
1107	situational object boundary detection images
1108	categorical continuous emotion recognition speech
1109	semantic segmentation
1110	generative model
1111	mobile-cloud coordinate processing
1112	image classification video
1113	semantic manipulation images
1114	superpixel generation images
1115	object proposal generation image
1116	zero-shot recognition image
1117	3d shape reconstruction single image
1118	road layout completion 2-d images
1119	segmentation retinal vasculature images
1120	attribute prediction face images wild
1121	generative adversarial networks images
1122	automatic affect analysis images
1123	video reasoning images top-view grid map sequences autonomous driving paragraph-level
1124	video interpolation images
1125	continuous activity recognition video
1126	unsupervised domain adaptation reading comprehension text
1127	multi-object tracking images
1128	temporal action detection spatial segmentation video
1129	video jigsaw puzzle solving
1130	object recognition
1131	transfer learning images semantic relations
1132	human instance segmentation video
1133	anytime prediction images
1134	facial expressions analysis video
1135	contextual representation models
1136	3d object detection lidar point cloud autonomous driving
1137	semantic segmentation rgb, depth
1138	3d video object detection point cloud sequences autonomous driving
1139	single image super-resolution images
1140	text-clip retrieval video
1141	facial landmark localization images unconstrained
1142	face super-resolution alignment images
1143	image synthesis voxel grid 3d models
1144	pretraining text
1145	zero-shot/ few-shot learning images
1146	network pruning
1147	bert knowledge distillation text
1148	semantic video segmentation
1149	abstractive text summarization paragraph-level
1150	human detection crowds images
1151	blood vessels segmentation fundus retinal images
1152	image segmentation using referring expressions images
1153	sentence-level aspect-level sentiment analysis text
1154	matrix completion
1155	implicit relation extraction text paragraph-level
1156	knowledge base completion
1157	unsupervised monocular image depth prediction video
1158	semantic object segmentation images
1159	fake face detection images
1160	audio tagging
1161	deep learning images
1162	person re-identification image text
1163	image super-resolution
1164	cross-lingual natural language understanding
1165	domain generalization image
1166	generative low-bitwidth data free quantization
1167	driving risk assessment video
1168	classification image
1169	pose difference estimation images
1170	image-sentence retrieval images text paragraph-level
1171	multi-label recognition images videos
1172	domain adaptation rgb image
1173	image synthesis based key local patches
1174	actor-action localization video
1175	fine-grained classification images
1176	speech emotion recognition
1177	face attribute prediction images
1178	image-text matching captioning
1179	feature learning point cloud
1180	multi-class classification images
1181	pose estimation still images
1182	cross-domain matching images videos
1183	object detection images videos autonomous driving
1184	multi-class classification images videos
1185	facial aging images
1186	natural language moment retrieval video
1187	textual entailment images
1188	multi-task energy efficiency benchmarking
1189	image semantic segmentation images
1190	human detection video
1191	multi-pose 2d 3d face alignment images
1192	interpretable nlp text
1193	object detection image top-view grid map sequences autonomous driving
1194	human synthesis images
1195	expression recognition
1196	lossy image compression images
1197	textual grounding images
1198	similarity search images
1199	complex reasoning text
1200	person recognition social media photos paragraph-level
1201	knowledge graph completion graphs
1202	facial expression affect recognition video
1203	structured prediction images
1204	object localization 3d images top-view grid map sequences autonomous driving
1205	pedestrian detection images autonomous driving
1206	spatio-temporal problems video
1207	whole image parsing images
1208	anomaly detection image
1209	expert finding text
1210	action recognition untrimmed videos
1211	semi-supervised learning text
1212	unsupervised person re-identification images videos
1213	image segmentation given natural language descriptions
1214	self-supervised visual feature learning images videos
1215	retinal vessel analysis fundus images
1216	2d-to-3d pose lifting images
1217	claim verification text
1218	semantic segmentation point cloud
1219	3d morphable models 2d images
1220	image-text search images texts paragraph-level
1221	superpixel segmentation images
1222	retinal image enhancement images
1223	point cloud classification
1224	semantic textual similarity
1225	open-set noisy label problem images
1226	video-grounded dialogue system audio, video, caption
1227	age estimation head pose images
1228	facial expression recognition videos
1229	pedestrian classification fir visible images
1230	semantic segmentation images videos paragraph-level
1231	representation learning video
1232	adversarial attack images
1233	generative image modeling images
1234	video question answering mario gameplays paragraph-level
1235	human pose transfer images
1236	human-body pose estimation images
1237	cross-modal consistency verification images text
1238	question-answering instructional videos
1239	object grounding images text paragraph-level
1240	weakly supervised object localization images
1241	elastic distributed training
1242	attribute recognition images
1243	facial image analysis images
1244	microlocal analysis
1245	action segmentation video
1246	retinal (or neuronal) image synthesis
1247	high-dimensional data indexing images
1248	real-world adversarial attacks images
1249	hyperparameter optimization image recognition
1250	visual grounding phrases images
1251	eye tracking images webpages
1252	conditional image synthesis images
1253	fruit detection, segmentation, counting images
1254	3d shape inference images
1255	text semantic relatedness
1256	graph representation learning network data
1257	open-world evasion attack image
1258	digit recognition images
1259	panoptic segmentation video
1260	gan evaluation images
1261	synthetic-to-real domain adaptation images
1262	out-of-distribution detection image
1263	au intensity estimation images
1264	2d~whole-body pose estimation images
1265	classification
1266	photo tagging images
1267	pose transfer images
1268	landmark localization face images
1269	personality-captions text
1270	music-guided video summarization
1271	long-term tracking video
1272	image captioning images text paragraph-level
1273	person reidentification video
1274	pre-trained language model compression text
1275	audio synthesis video
1276	crowd counting images videos
1277	boundary detection images
1278	person re-identification drone video
1279	cross-domain image retrieval
1280	face detection
1281	face keypoint detection images
1282	3d scene reconstruction rgb depth
1283	multi-label image classification images paragraph-level
1284	transfer learning large-scale pre-trained models text
1285	object recognition occlusion images
1286	perspective rectification images
1287	land use mapping images
1288	image retrieval images text
1289	visual question answering images
1290	network embedding text
1291	stylistic language understanding text
1292	fake image detection
1293	inverse rendering images
1294	pedestrian attributes recognition images videos
1295	multi-class image classification images
1296	video action recognition videos
1297	watermark removal
1298	disentangled representation learning text
1299	phrase grounding images text
1300	temporal action segmentation video
1301	automated driving images radar
1302	point cloud processing
1303	knowledge distillation
1304	knowledge representation learning
1305	face aging image video
1306	multi-document machine reading comprehension text paragraph-level
1307	tracking video monocular autonomous driving
1308	visual saliency detection images
1309	unsupervised domain adaptation semantic segmentation images
1310	image description generation text
1311	unconditional image generation images
1312	crowd counting images
1313	feature upsampling
1314	person re-identification images night scenario
1315	adversarial attack image
1316	long-tailed data distribution images
1317	image-text retrieval images paragraph-level
1318	universal object detection images
1319	generic object tracking video
1320	facial feature detection images
1321	open-domain qa text
1322	unfair user treatment
1323	multi-person 3d motion capture rgb camera
1324	visual reasoning natural language images text
1325	anomaly detection images
1326	emotion recognition images speech
1327	unsupervised video segmentation
1328	video representation learning videos
1329	lip reading video paragraph-level
1330	generative modeling text speech
1331	multi-label image classification images
1332	3d human pose estimation images
1333	3d face alignment image
1334	semi-supervised learning images
1335	visual qa images text
1336	visual question answering image
1337	fashion detection images
1338	facial image generation
1339	natural language understanding text paragraph-level
1340	action anticipation videos paragraph-level
1341	semi-supervised clustering
1342	reading comprehension style question answering text paragraph-level
1343	multi-task learning images text
1344	obfuscation images
1345	multi-document question answering
1346	facial keypoint detection images
1347	out-of-learning extension video
1348	grounding images
1349	out-of-distribution detection
1350	qa text paragraph-level
1351	learning noisy labels image
1352	domain adaptation artistic data natural photos
1353	object tracking images video
1354	multimodal machine translation image text
1355	retinal vessels segmentation fundus images
1356	visual recognition images text
1357	gesture recognition
1358	3d human mesh reconstruction image
1359	unsupervised neural architecture search images
1360	in-bed pose estimation camera-based vision
1361	traffic sign detection images
1362	multi-view sentence representation learning
1363	facial expression recognition images video sequences
1364	action anticipation forecasting video
1365	face generation images
1366	speech synthesis text audio
1367	image video captioning images videos
1368	3d reconstruction single image, point clouds, coarse discrete voxel grids
1369	action recognition multiple cameras
1370	generalizable semantic segmentation images
1371	image categorization
1372	question answering natural language geography
1373	action recognition rgb-d
1374	image caption retrieval text paragraph-level
1375	multi-label few-shot classification image
1376	facial attractiveness prediction images
1377	visual saliency modeling images
1378	imbalanced network representation learning
1379	interpretable text classification
1380	instance-level video segmentation
1381	depth-based semantic segmentation
1382	driver fatigue recognition image
1383	facial expression recognition image
1384	posterior inference graphical models images
1385	optical flow estimation synthetic real-world autonomous driving
1386	text-to-image synthesis images
1387	lidar-only semantic segmentation
1388	action recognition dialogue audio
1389	image captioning paragraph-level
1390	text matching
1391	object detection images top-down maps autonomous driving
1392	image attribution images
1393	0shot-tc text
1394	video colorization
1395	extractive question answering text
1396	model-based pose estimation images
1397	fer video
1398	crowd counting video
1399	8-bit training images
1400	spatio-temporal activity mapping video
1401	abstractive summarization text
1402	facial landmark detection video
1403	fine-grained visual classification images
1404	face fitting images
1405	zero-shot localization classification human actions video
1406	behavior recognition video
1407	video super-resolution action recognition
1408	sentiment classification text
1409	object categorization image
1410	3d face reconstruction single 2d image images
1411	face identification images
1412	interpretability text
1413	emotion recognition conversation audio text
1414	unsupervised hashing text
1415	unsupervised domain adaptation video
1416	visual commonsense reasoning images
1417	cross modal supervision transfer images (rgb, depth, flow)
1418	visual question answering images natural language questions
1419	compression 1d convolution audio
1420	knowledge graph embeddings
1421	3d object recognition lidar, rgb-d images, cad models
1422	facial action unit detection videos
1423	pedestrian attribute inference images
1424	crowd counting images paragraph-level
1425	answer passage retrieval text
1426	car detection viewpoint estimation images
1427	unsupervised learning probabilistic models
1428	video captioning videos sentences
1429	architecture search images
1430	person re-identification image video
1431	3d point cloud processing learning autonomous driving
1432	low-shot transfer learning first-person action classification video
1433	dynamic texture classification video
1434	vessel segmentation funduscopy
1435	biometric recognition images
1436	network pruning image
1437	intent detection text
1438	self-supervised monocular depth estimation images
1439	facial action unit detection images
1440	convolutional neural networks compression image classification
1441	action recognition depth skeleton data
1442	object pose estimation
1443	deblurring images
1444	face-related task analysis images
1445	image completion images
1446	3d hand body pose estimation depth images
1447	amodal scene layout estimation color image autonomous driving
1448	action classification still images
1449	facial landmark localisation images
1450	object transfiguration images
1451	knowledge graph completion
1452	video frame synthesis
1453	fill-in-the-blank multiple choice question answering image
1454	conversational question generation text
1455	learning corrupted labels images
1456	scan completion point cloud
1457	object mining videos
1458	vessel extraction retinal images
1459	neural architecture search image
1460	3d reconstruction point cloud paragraph-level
1461	interactive segmentation images
1462	context-aware emotion recognition images faces
1463	language model text
1464	human instance analysis images
1465	action recognition rgb image sequences paragraph-level
1466	face reconstruction images paragraph-level
1467	frame-level action recognition videos
1468	boundary detection video
1469	statistical deformable model images
1470	model compression image classification
1471	neural image captioning images
1472	remote object referencing images text
1473	natural language object retrieval images
1474	emotion recognition video
1475	sentence simplification text
1476	transfer learning attribute data text
1477	dense semantic segmentation point cloud
1478	3d hand pose estimation images
1479	explainable artificial intelligence text
1480	hypernymy directionality text
1481	hashing images
1482	facial attribute expression synthesis images
1483	image-text retrieval images
1484	ontology alignment text
1485	solar filament identification images
1486	style transfer images
1487	diversified paraphrase text
1488	object segmentation image video
1489	generic object segmentation images video
1490	sentence representation learning
1491	3d mesh reconstruction video
1492	object detection optical remote sensing images
1493	neural network acceleration
1494	multi-person pose estimation images video
1495	unpaired image-to-image translation images
1496	person re-identification images video
1497	semantic scene understanding dense fog images
1498	filter pruning images
1499	video object segmentation images
1500	word representation learning text
1501	elastic inference cost deep learning models images
1502	audio-visual learning video
1503	scene depth camera motion estimation monocular video
1504	3d human pose estimation 2d
1505	dimensional affect estimation images
1506	recommendation systems text
1507	sketch recognition
1508	reading comprehension text paragraph-level
1509	deep face recognition video
1510	machine translation text paragraph-level
1511	deep learning image classification
1512	image integrity verification images
1513	visual classification images
1514	visual object tracking image
1515	3d face reconstruction image
1516	object detection images pascal voc 2012
1517	2d human body representation images
1518	texture generation images
1519	3d data representation point cloud
1520	video categorization static appearance, motion, audio, long-range temporal dynamics
1521	multimodal machine translation images text
1522	person-image generation images
1523	error detection knowledge graphs
1524	feature sampling images
1525	3d human body shape reconstruction images
1526	human-object interaction recognition video
1527	masked language modeling text
1528	photorealistic facial expression synthesis images
1529	architecture search text images
1530	traffic forecasting video
1531	face super-resolution images
1532	global localization 3d lidar scan autonomous driving
1533	class imbalanced data learning images
1534	human parsing pose estimation image
1535	imagenet images
1536	unsupervised clustering images
1537	3d semantic instance segmentation rgb-d
1538	face recognition images depth channels rgb-d data
1539	tracking-by-segmentation video
1540	sentence pair classification text
1541	scene understanding images
1542	generation grounded visual questions images paragraph-level
1543	video activity recognition
1544	vessel segmentation images retina
1545	superpixel sampling images
1546	face manipulation images
1547	saliency estimation images
1548	single image intrinsic decomposition images
1549	self-supervised representation learning multiple views
1550	facial landmarking images text face
1551	zero-shot video classification
1552	landmark detection
1553	textual sequence matching
1554	lidar odometry
1555	homography estimation images
1556	3d multi-person pose estimation images
1557	image forensics images
1558	novel view synthesis point clouds
1559	obstacle avoidance monocular vision
1560	text-image matching images
1561	generative modelling images
1562	image-sentence matching images sentences
1563	sentence encoding text
1564	representation learning image text
1565	sentence pair modeling text paragraph-level
1566	commonsense qa text
1567	large scale species classification images
1568	nli text sentence-level
1569	point cloud sampling clouds
1570	3d shape model classification point clouds
1571	instructional video segmentation asr tokens
1572	pre-training language models text
1573	3d facial reconstruction image
1574	universal style transfer image
1575	face reenactment video
1576	unsupervised feature learning images
1577	age gender estimation images unconstrained
1578	natural language understanding commonsense reasoning text
1579	3d object reconstruction images
1580	image labeling
1581	facial landmark detection images face alignment
1582	continual learning images
1583	unsupervised representation learning rgb images
1584	overfitting
1585	360° image classification images videos
1586	small-scale occluded pedestrian detection video
1587	emotion recognition video images
1588	vehicle re-id images
1589	optic disc detection images paragraph-level
1590	monocular slam images
1591	object proposal images
1592	multi-style transfer images
1593	clustering image, text audio
1594	3d semantic segmentation mesh
1595	vessel centerline extraction retinal images
1596	3d human mesh recovery single image
1597	person image synthesis
1598	commonsense question answering text
1599	3d reconstruction 2d image pascal voc
1600	image synthesis text
1601	target localization images
1602	blood vessel segmentation fundus imaging
1603	landmark detection, head pose estimation, gender recognition face attribute images
1604	giant network compression text
1605	ood detection image
1606	blind inpainting images
1607	probabilistic object detection lidar point cloud autonomous driving
1608	autonomous driving rgb images depth data (rgbd)
1609	question generation text
1610	3d dense face alignment mesh
1611	region-based image retrieval images
1612	open domain question answering
1613	anomaly detection audio, images, timeseries
1614	facial verification images
1615	action recognition video in-vehicle environment
1616	reading comprehension question, answer context
1617	person retrieval image
1618	facial image hallucination images
1619	distribution pixel detection images
1620	visual question answering videos, subtitles, scripts
1621	a/v discrimination fundus images
1622	generic image classification images
1623	human action recognition videos
1624	visual turing test images
1625	unsupervised domain adaptation images video
1626	affective computing video
1627	action recognition images optical flow paragraph-level
1628	optical flow estimation video autonomous driving
1629	3d object retrieval objects cad-to-cad 13
1630	sentence representation learning natural language
1631	3d object detection 6d pose estimation rgb
1632	panoptic segmentation image
1633	spherical image representation perspective images
1634	individual-level semantic segmentation rgb-d images
1635	instance segmentation image
1636	sentence classification
1637	3d object detection point cloud
1638	affect synthesis images
1639	scene flow estimation grid map sequences autonomous driving
1640	zero-shot activity classification video
1641	video representation learning
1642	contextualized word representation
1643	scientific question answering text
1644	long-term visual tracking video
1645	facial aging synthesis images
1646	3d reconstruction point cloud
1647	interpretable explanation image classification model results images
1648	natural language inference sentence-level
1649	recommender systems ratings
1650	3d face reconstruction, facial landmark localization images, faces
1651	visual question answering image, text
1652	facial landmark localization, human pose estimation
1653	disentanglement writing styles, pose lighting, discovery visual concepts image
1654	natural language inference, sentiment analysis text
1655	object tracking, semi-supervised video segmentation
1656	fine-grained image classification
1657	image classification english
1658	image super-resolution images videos
1659	object detection image english
1660	optical flow estimation image
1661	image super resolution
1662	face recognition image
1663	object detection image pedestrian
1664	synthesizing photos label maps,reconstructing objects edge maps,colorizing images
1665	domain adaptation visual recognition prediction image
1666	image generation natural language description text
1667	set recognition image
1668	multi-passage machine reading comprehension text english, chinese
1669	modeling natural images
1670	face alignment, 3d reconstruction image
1671	knowledge base completion graphs
1672	single image super-resolution
1673	face pose regression image
1674	knowledge base link prediction graph
1675	image processing
1676	machine translation text english-to-german, english-to-french
1677	multimodal sentiment analysis video
1678	language modeling, machine translation, headline generation text newswire, wikipedia english
1679	person search image
1680	character-level language modelling, handwriting sequence text
1681	semantic image segmentation
1682	optical flow estimation image, video
1683	semantic segmentation image open domain
1684	natural language entailment text
1685	classification, approximiation
1686	facial expression recognition image images
1687	human pose estimation image humans
1688	object recognition image
1689	draw samples target probability distributions
1690	multi-person pose estimation image humans
1691	part-of-speech tagging, dependency parsing, sentence compression text
1692	generative document modelling, supervised question answering text
1693	image retrieval
1694	cloze-style question answering text
1695	question answering, language modeling text
1696	sentiment classification, question text
1697	image classification, part speech tagging, dependency parsing
1698	word-level language modeling text
1699	cloze-style question answering text news
1700	error detection text
1701	meta-learning, few-shot image classification, regression, reinforcement
1702	multidimensional emotion classification, sentiment text
1703	biomedical named entity recognition text
1704	machine translation text english, french, german
1705	text compression, machine translation, sentiment analysis,
1706	pos tagging text
1707	semantic role labeling text
1708	instance segmentation, object recognition image
1709	machine translation text english, czech, german, romanian, russian
1710	question answering text movies
1711	ordinal regression image faces
1712	sequence classification
1713	click rate conversion image, audio web search, personalised recommendation, online advertising
1714	3d object detection images, point clouds
1715	image generation, super resolution
1716	part-of-speech tagging, morphological text
1717	image classification, object retrieval
1718	image modeling
1719	image classification, domain adaptation
1720	class-conditional image synthesis
1721	image generation, text
1722	speech recognition
1723	abstractive question answering text
1724	collaborative filtering text recommender systems
1725	image restoration
1726	age-invariant face recognition image faces
1727	multi-domain natural language inference text
1728	local geometric feature matching rgb-d images
1729	image classification, object detection, person re-identification
1730	seq2seq, word ordering, parsing, machine translation text
1731	photographic synthesis image
1732	pos tagging text morphologically complex languages
1733	object detection, class activation mapping, salient image
1734	video face recognition
1735	image denoising
1736	multi-task learning
1737	image classification, localization, object detection, segmentation
1738	image classification, object detection, semantic segmentation, human pose estimation
1739	subset selection
1740	facial alignment image
1741	text detection image latin chinese
1742	language modeling, sentiment classification, character-level neural machine translation text
1743	high-quality reconstruction image
1744	link prediction semi-supervised node classification graphs
1745	machine comprehension text english
1746	object detection semantic segmentation image
1747	document question answering, recognizing textual entailment
1748	link prediction, node classification graph-structured data
1749	face recognition image, video
1750	image-to-image translation, facial attribute transfer, expression synthesis
1751	facial shape reconstruction image
1752	3d human pose estimation image
1753	image classification, semantic segmentation
1754	graph classification
1755	document image classification
1756	instance segmentation, boundary detection image
1757	semi-supervised classification, image generation
1758	automatic speech recognition
1759	text categorization
1760	visual recognition image
1761	3d hand human pose estimation image
1762	link prediction knowledge graph
1763	dependency parsing, semantic relatedness, textual entailment, pos tagging
1764	domain adaptation, image transformation
1765	dependency parsing text language english, chinese
1766	3d object retrieval image
1767	image captioning, visual question answering
1768	mage-to-image translation
1769	multi-person pose estimation
1770	text classification, sequence labeling
1771	dialogue state tracking text
1772	articulated human pose estimation, detection image
1773	person re-identification image surveillance videos
1774	question answering, textual entailment, sentiment analysis
1775	language modeling, natural inference, image classification
1776	semantic segmentation urban scenes
1777	3d object detection rgb-d data point clouds
1778	machine translation text english, german
1779	learning representations datasets
1780	english-german translation, english-french text english, german,
1781	scene text detection image
1782	sequence processing text
1783	visual landmark localization image humans
1784	speech recognition low-resource
1785	articulated human pose estimation image humans
1786	age estimation, head pose image recognition, semantic segmentation
1787	automatic speech recognition text conversational data english
1788	object classification, point-based localization image
1789	grammatical error detection text
1790	representation learning, sequence tagging, machine translation, dependency parsing image
1791	document sentiment analysis, image classification
1792	image classification, generation
1793	visually-grounded textual entailment image,
1794	multilingual sentence embedding text
1795	image restoration, super-resolution, denoising
1796	person re-identification image humans
1797	object detection image natural images, artwork
1798	natural language inference, paraphrase detection, sentiment classification, machine translation text
1799	pose estimation image
1800	natural language inference, answer sentence selection, classification text
1801	conversational speech recognition audio
1802	scene parsing image
1803	adversarial example generation image
1804	cross-modality object classification
1805	few-shot learning, meta-learning
1806	dependency parsing text english, chinese
1807	unsupervised image classification
1808	language modeling, machine translation text
1809	face verification image
1810	photo-realistic image synthesis high-resolution images
1811	machine reading text
1812	semi-supervised graph learning text, graphs
1813	categorical generation, image-to-image translation, text-to-image synthesis images,
1814	image representation learning
1815	pedestrian detection image autonomous driving
1816	spoken language understanding audio
1817	citation networks, knowledge graphs
1818	object detection, subcategory classification image
1819	recommender system graphs
1820	image matching, optical flow estimation
1821	sequence labeling text
1822	scene text detection text,image
1823	syntactic parsing text
1824	hyperspectral sensing image classification
1825	text classification sentiment analysis, question classification, subjectivity newsgroup
1826	hypernym prediction, image-caption retrieval images, text
1827	text detection image
1828	handwriting recognition, traffic sign image
1829	natural language inference, nlp text
1830	sequence modelling
